score,content
5,"Sudah bagus dan sangat membantu, namun apabila system tracking bus nya dapat memberikan notifikasi kepada pengguna yg menunggu di halte bahwa bus sudah dekat itu lebih bagus lagi dan akan sangat membantu Terimakasih"
5,"untuk mitra darat dalam hal ini kementerian perhubungan saya mengucapkan terima kasih,lumayan,cukup susah untuk masuk daftarnya meskipun sering voucher tidak valid.tapi dengan klik tombol berulang ulang akhirnya bisa masuk tapi ada kendala mengenai jumlah anggota peserta yang di batasi masalahnya tidak semua kartu keluarga berjumlah empat sedangkan kami ada tiga anak dan itupun tidak terdata, mau tidak mau mungkin harus di pangku.demikian salah satu kendala di data kependudukan spy d tmbh kuota"
5,"Sebelumnya saya ingin mengucapkan terima kasih. Dengan adanya aplikasi friendly user, gampang digunakan bahkan untuk pemula sekalipun. Saya merasa terbantu pada saat mudik gratis, tidak neko2 tidak KKN dengan para petugas yg ramah dan sabar saat validasi, sungguh ini sangat kami apresiasi. Terima kasih sdh berikan pelayanan yg terbaik buat kami."
5,saya rute bus trans banjarbakula aplikasi ini sangat membantu kami dan memudahkan buat para pengguna bagi yang menggunakan layanan fasilitas umum kalau bisa ditambah lagi halte anjir timbangan mobil barang
5,"Di kota Pekanbaru khusus koridor awal Bros - Panam (UIN )pelayanan tidak maksimal, apalagi jam berangkat di pagi tidak jelas jam berapa trip pertama ,jadi kami mohon kepada pihak terkait supaya memperbaiki layanannya, terimakasih ğŸ™"
5,"alangkah baiknya, ditambahkan keterangan dan penjelasan.. apakah ciri/kode bus dan tujuan awal dan akhirnya?. sebagai contoh; saya ingin ikut bus, dari Banjarmasin menuju Banjarbaru (cukup 1 bus,tidak transit) nah betambah pulang tetakunan ulun. mun handak basapida, kawalah masih ? anu, lewat mana tatakunan yang fastrespon lh ?"
5,"Tolong diperbaiki sistem mudik gratisnya, kalo udah pilih kursi dan ngisi data harusnya udah jadi hak milik.. jangan tiba"" udh diisi orang lain dan tambahkan opsi batalkan tiket"
5,"Aplikasi sangat bagus, tampilan mudah dimengerti, semua fitur sangat bagus dikemas dalam interface yang rapih, pengingat kedatangan bus yang paling berguna, hanya terkadang live trackingnya agak sedikit terlambat, sisanya oke."
5,Sudah bagus aplikasinya agar lebih fleksibel dan dapat digunakan oleh disabilitas penglihatan tolong tambahkan menu bus terdekat dan pada setiap koridor bus tombol lihat detail yang muncul di map itu dibuat agar bisa terbaca oleh pembaca layar
5,Sangat membantu utk pengecekan kelaikan kendaraan Terimakasih
5,Aplikasinya bisa memudahkan pengguna bus baik teman bus maupun non teman bus seperti trans jogja. Terimakasih ya. Saran saya : tambahkan Trans Jakarta di aplikasi mitra darat biar bisa memudahkan melihat rute tanpa harus download aplikasi lain (bisa lewat mitra darat)
5,"2 Tahun ini 2024 & 2025,ngga kebagian terus,,habis terus.Jangan2 ada calonya ya.Tiap jam tiap hari cek.selalu habis.Giliran ada info kuota,masuk susah."
5,bagus sekali aplikasi ini sgt memudahkan untuk para pemudik walaupun saya belum juga berhasil dapat tiket gratis
5,"Joooooooooosssss,, Semoga ke depannya semakin bagus dan pastinya sangat bermanfaat u/ warga Jawa Timur khususnya Surabaya"
5,"Lumayan bagus, bisa tau arah bus dan jadwal busnya, semoga semakin berkembang aplikasinya."
5,"Sangat membantu buat kami dengan adanya mudik geratis tapi sayang sy belum dapat tiketnya padahal sudah coba berkali"""
5,"Semoga amplikasi mitradarat semakin maju dan berkembang bikin indonesia maju bisa ter wujud...teruskan mudik gratis tiap tahun leh banyank dan banyak.,biar rakyat kecil senang."
5,"Sangat membantuu, aplikasi juga akurat dengan fitur-fitur yang berguna, terutama untuk ""Teman Bus"" mahasiswa hanya dapat tarif 2000, sayangnya di Makassar jalurnya masih terbatas tapi sudah sangat memudahkan perjalanan. Keadaan didalam bus sangat nyaman, bersih, dan ber-AC. Driver bus juga sangat informatif dan membantuu. Semoga kedepannya jalurnya bisa lebih banyak lagii."
5,Saya hanya ingin titip pesan untuk semua pemerintah tolong di tambah kouta nya. Kasihan orang rantau yang belum bisa pulang ke kampung halamannya. Di karnakan tiket nya begitu mahal hingga 2-3x lipat. Terimakasih ğŸ™
5,"Aplikasinya bagus sangat membantu, apa lagi kita bisa tau dimana letak posisi bus tersebut, sehingga bisa tepat waktu utk menunggunya. Pengalamanku pernah sampai lari, biar tdk ketinggalan bus tersebut, dan akhirnya sampai di tempat pemberhentian bus dgn tepat waktu"
5,"Baru kali ini saya menggunakan aplikasi pemerintah yang benar-benar bagus dan keren! Aplikasi Mitradarat sangat membantu untuk mudik dan berpergian dengan bus. Fitur tracking busnya membuat saya bisa mengetahui posisi bus dengan mudah. Sangat puas dengan pengalaman ini, semoga terus ditingkatkan!"
5,keren sudah bisa kemana saja sulsel setiap waktu
5,"Baru tau ada aplikasi sekeren ini yang bisa pantau pergerakan bus secara akurat, bisa lihat di banyak kota sekaligus juga. Salah satu aplikasi paling bagus, stabil, ringan, dan berguna sejauh ini dari pemerintah. Maju terus layanan transportasi publik Indonesia."
5,"Naik bus terasa aman dan nyaman, trayek koridor B dan C minta tambahan bus karena menunggu bus berikutnya menyita waktu cukup lama"
5,"Saya mengikuti program mudik gratis ke kampung Tuban melalui apk Mitra darat, aplikasi ini sangat membantu dan memudahkan dalam penggunaannya. Terimakasih Mitra Darat ğŸ™Œ"
5,"cepat sampe tujuan, busnya nyaman, ber-AC, supirnya ramah"
5,mantab... apalagi ada jalur ke kariangau
5,trans kabupaten bekasi
5,"Aplikasinya bagus dan sangat berguna dibandingkan dengan aplikasi sekelas lainnya. Minim bug, tracking sesuai, dan mencakup banyak kendaraan umum. UI nya pun bagus dan mudah digunakan."
5,Mudah mudahan cara daftarnya gambang mendapatkan tiketnya.
5,Sudah bagus apps nya tapi utk yg rute purbaya - tj perak tidak pernah update.. jadi susah banget ngedetect sampe mana busnya. Mohon lebih ditingkatkan lagi utk GPSnya supaya memudahkan
5,"Aplikasi ini sangat membantu dalam pemantauan bis dan letak pemberhentiannya, jadi tidak ketinggalan bus dan tau dalam mengestimasikan waktu, jangan dihilangkan yaa."
5,"Pertama kali naik BST, sangat efisien cocok untuk perjalanan pemula sangat membantu dengan fitur mitra darat, mungkin aplikasinya ditambahkan fitur fitur e- money dll lebih keren lagi seperti apk KAI terkini"
5,"Buat bapak ibu terimakasih telah membuat aplikasi sebaik ini. Terharu aplikasi pemerintah ada yang seberguna ini, dibuktikan rating yang 4,7 memang sangat layak. Bintang 5 dari saya juga. Semoga Transjakarta bisa ikut kesini juga dan ui nya bisa lebih baik lagi ğŸ‘"
5,"Aplikasi yang sangat bagus dan berguna bagi masyarakat,,untuk saran update mungkin sebulan sekali khususnya menu AKAP karena moda transportasi indonesia skrng lgi majuÂ²nya banyak unit PO besar sudah ber GPS,untuk updatnya tambah informasi sebanyakÂ²nya dalam aplikasi tersebut terus update POÂ² swasta agar makin rame"
5,"Pelayanan ok, cuma sayang pendaftaran tarif khusus Biskita Bogor terkendala karena data pendaftar calon yg tidak update belum online dengan disdukcapil walaupun pendaftar sebenarnya sudah layak mendapatkan tarif khusus, mohon perhatiannya, agar biskita semakin di cintai oleh masyarakat transportasi."
5,Min sy dh login tp ko ga ada menu buat masukin No tlp / WA y.. Trs sy udah masuk ke menu Mudik Gratis setelah mengisi kota keberangkatan dan kota tujuan ko g ada muncul isi data yg mau daftarin y?? Tolong infonya y min mkasih...
5,"Aplikasinya bagus, ada penanda warna untuk tiap koridor. Tolong dibuatkan juga pilihan menu bahasa Inggris, dan perbanyak media sosialisasi di tempat strategis seperti bandara."
5,"Saya blm pernah berhasil daftar mudik gratis, tapi tetap tak kasih bintang ***** karena aplikasi ini dan program mudik gratis ini sangat-sangat membantu masyarakat yg membutuhkan. Tetap mawas diri dan perbaiki terus demi kebutuhan bersama. Terimakasih MitraDarat dan pemerintah yg mempunyai gagasan seperti ini. Semoga kita semua senantiasa di beri kesehatan jasmani & Rohani selalu bersyukur jg optimisme, positif thinking. Maju terus Indonesiaku jaya selalu negeriku."
5,Sudah bagus sih tapi saran untuk aplikasi untuk keterangan waktu berangkat ada bagusnya di tampilkann dan berapa menit perjalanan dari posisi bus ke pelanggan dikasih waktunya lebih dipermudah
5,"Fitur yang sangat mudah, tinggal tap tap ga bingung, berbagai informasi yang diberikan cukup jelas, sukses selalu mitra darat"
5,Aplikasi MitraDarat sangat recomended bagi teman-teman yang senang berpergian ke luar kota dengan menggunakan transportasi umum bus. Karena dengan aplikasi ini teman-teman bisa mengakses informasi rute dan melacak posisi bus di tiap-tiap daerah di Indonesia.
5,"Peningkatan dan pengembangan agar dapat melayani semua user secara nasional dg baik, mutlak harus benar2 dilakukan mengingat apk ini cukup penting bagi para user sehingga kedepan diharapkan tdk terjadi lagi gagal loading dsbnya.. Secara umum saya apresiasi d g bintang 4 dulu ya..ğŸ‡®ğŸ‡©ğŸ‡®ğŸ‡©ğŸ‘ğŸ’ª"
5,"Min mautanya, kenapa tampilan yang didownload setelah tanggal 8 Maret cuma hanya ada opsi tracking BUS dan cek LAIK? Sedangkan di gambar contoh ada lebih dari itu"
5,"Terimakasih Kemenhub dan Ditjet hub berkat aplikasi *mitradarat*,, daftar mudik gratis lebih mudah dan efisien,, Lebih tingkatkan performanya dan semoga makin maju"
5,"masih banyak fitur ayang gak bisa di buka,khusus mudik gratis banyak tiket yang tidak tersedia, harusnya di persiapkan dulu semuanya sebelum lounching aplikasinya."
5,terbantu banget buat tracking biskita. dan real time
5,Sangat bermanfaat untuk penguna kendaraan jalur darat dan sangat berguna untuk mudik lebaran dengan diadakanya mudik bersama gratis melalui aplikasi yang mudah dilakukan pendaftaranya dan teratur dari pada harus antri panjang secara offline.
5,terimakasih ke kemenhub untuk aplikasi nya sgt membantu saya saat berpergian ke kota lain
5,membantu banget untuk liat posisi armada
5,"sangat membantu untuk pertama kali naik biskita Bekasi, jadi ga kesasar hahha"
5,"Aplikasi mudik Gratis sangat membantu, mitra darat best banget"
5,Terimakasih sangat membantu buat mudik gratis nya. Semoga berkah. Sukses dan sehat selalu. Aamiiin ğŸ˜Š
5,Aplikasi untuk informasi perjalanan dan ada event Mudik Gratis tiap tahun
5,"Sangat membantu, dan bisa menjadi lebih baik lagi ğŸ’¯ğŸ’¯ğŸ’¯"
5,Mitra darat acuan untuk naik angkutan publik yang sangat membantu
5,"Aplikasi nya sudah bagus, dan sangat bermanfaat"
5,"Aplikasi yang bagus karena bisa tracking bus secara live, dan saya berharap akan lebih bagus lagi bila ada widget yg memudahkan untuk melihat kedatangan jadwal bus dari halte favorit kita"
5,untuk rute Biskita Trans wibawa mukti semoga bisa segera di trucking via app mitra darat.
5,Supaya lebih fungsional coba bisa dipakai sebagai pesan tiket dan informasi realtime kedatangan dan keberangkatan bus.
5,"sayang sekali untuk bis sebagai transportasi massal tapi di hilangkan beberapa koridor dimakassar disisahkan cuma satu koridor, sangat disayang kan."
5,"Sangat membantu, terima kasih semoga di pertahankan kualitasnya."
5,"teruslah memberikan kontribusi untuk masyarakat luas, sangat membantu pengetahuan fasilitas umum"
5,Seru hunting tiket mudik gratis walaupun belum berhasil dapat.. besok coba lagi pantang menyerah
5,mantaaap jadi bisa liat posisi bis sesuai tujuam kita .terima kasih
5,Saya sdh coba daftar tpi blm ada tiket yg ready Besok mudah2an dpt tiket gratisnya
5,Sgt sgt luar biasa pelayanannya sopan ramah keren
5,Sangat membantu saat cek mobil dan mudik gratis
5,"Alkhamdulillah sudah menunggu sekian lamatp blm bisa juga , tp tetep aku kasih bintang lima karna aku menghargai pemerintahdalam berupaya membantu meringankan beban rakyat kecil di program mudikgratis ini , semoga bermanfaat bagi yg sudah bisa"
5,sangat berguna untuk jalan2 naik transportasi umum
5,"Baru liat aplikasi ini, he he he ini aja karena mau daftar mudik gratis, semoga dapat informasi2 penting lain ny disini"
5,Sangat membantu di perjalanan
5,Saya sangat sedih bis Makassar kegalesong dihentikan.padahal sangat membatu bila kita ingin kota.terim kasih sopir-sopirnya sangat baik dan ramah bis mamminasata
5,aplikasinya bagus bisa memudahkan mencari jurusan ataupun rute bus yang di inginkan.
5,"Saya login kemarin gak bisa,, failed terus,, hari ini login tp tidak dimintai nomor telpon?? Jd kayak versi sebelumnya?? Cara daftar mudik gratisnya gimana??"
5,"sayaa pengguna batik solo trans merasa terbantu dengan aplikasi mitra darat ini, jadi lebih bisa prepare kalau mau naik busğŸ’…"
5,sangat bagus. terima kasih setiap tahun mengadakan mudik gratis. tapi saya sampai saat ini belum bisa menikmati mudik gratis setiap daftar melalui mitra darat selalu tiket habis. apa benar tiket sudah habis.
5,Mantap.. Pelayanan memuaskan...ğŸ‘ Semoga bisa ditambah lagi buat kuota arus baliknya.. Trutama yang dari pekalongan ke jakarta belum ada.
5,"Aplikasi transportasi yang terhubung dengan semua daerah meski beda pulau, sangat membantu,, sangat bagus, baru ini aplikasi pemerintah yang bener2 berguna."
5,Assallammuallaikum saya pribadi sangat senang adanya bis kota bisa membantu masyarakat Balikpapan dalam bepergian Aman yaman dan murah sekali saya sangat setuju dan saya sangat puas banget dengan pelayanannya makasih Mitra DaratğŸ™
5,"Terimakasih Bapak menteri perhubungan dan pemerintah kota maupun kabupaten bekasi,dengan adanya bis kita sekarang saya naik dari halte depan patriot sampai dengan stasiun cikarang. Sebelum saya naik bis kita saya selalu naik angkutan umum dan selalu di oper oper ke angkutan yang lain mulai dari bekasi sampai dengan stasiun cikarang sehingga saya harus membayar banyak uang untuk setiap menaiki angkutan sampai dengan stasiun bekasi. Sekali lagi saya ucapkan terimakasih banyak bapak/ ibu."
5,"Pelayanan ramah, membantu sekali .. Mohon diperbaiki ke sistem aplikasinya biar gak loading lama"
5,Bagus bisa lihat posisi bus scr real time. Cuman sering error. Waktu dan lokasi mendadak tidak berjalan. Mohon diperbaiki lagi
5,Akurat apk nya mantap...hanya disayangkan ketika keluar aplikasi harus mulai dari awal lagi...jadi agak ribet dalam memantau bis tranpakuan bogor (BISKITA)
5,"Yg terhormat untuk bis kita trans depok. Untuk armada di saat pagi hari yg arah ke stasiun Depok agak susah dan armada sedikit, tolong untuk armada nya ditambahkan agar bisa terpenuhi. Terimakasih"
5,"Aplikasi muantap. Semoga ke depannya ada fitur cari tempat yang dituju, ada di mana dan harus naik bus koridor mana. Semoga sukses selalu."
5,Tolong warna teman bus di map jangan sama dengan warna halte. Biar lebih kelihatan. Usul warna bus jd merah atau kuning biar lebih terlihat di aplikasi. Trmksh..
5,"Aplikasinya mbantu banget. Gatau apa yang kurang, udah top. Lengkap semua bis ada disini live tracking dan info rutenyaâœ¨âœ¨âœ¨âœ¨"
5,"Belum pernah dapat tiket gratis,,nyoba2 download mitra darat barangkali aja dapat,,,tolong dong kok saya ketik tiket habis melulu ya.. makasih"
5,"Terimakasih sudah memberi kesempatan kepada kami untuk bisa mudik bareng,,dapet tiket pulang pergi beserta motor,,sekali lagi terimakasih semoga untuk tahun"" kedepannya lebih dikasih kemudahan untuk masuk daftar keaplikasinya,,, untuk validasinya juga Alhamdulillah cepat tidak terlalu antri"
5,Trackingnya tepat serta selalu update. Aplikasinya juga tidak susah dimengerti.
5,"Bagus sekarang saya sudah jarang sekali mengalami live track yang berhenti berhenti, walaupun berhenti pun tracking jamnya sesuai dengan jam sekarang, terimakasih"
5,Terimakasih sudah menyelenggarakan progam mudik gratis ini.semakin maju dan tentunya untuk aplikasi agar lebih ditingkatkan lagi yaa
5,Halo Min Mitra darat mau tanya. Saya cari tombol menu mudik gratis kok gk ada ya di app mitra darat.
5,"Agak lumayan lama nunggu di halte koridor. 15 menitan... Bis bersih, aman nyaman. Mudahan program lanjut dan berkembang"
5,"kenapa rute kampus tamalanrea dan bandara di tiadakan, kami sudah nyaman, klau bisa haltenya yg di tambah"
5,"Kenapa gak disatuin aja TMB sama TMP, padahal kan kalau disatuin lebih mudah, di satu aplikasi."
5,membantu sekali .. jadi ga capek berdiri lama-lama karna bisa pantau dari gadget..
5,Aplikasi yang sangat bagus dan berguna untuk pengguna transportasi umum di seluruh Indonesia. Aplikasi paling keren dah. ğŸ‘ğŸ‘ğŸ™
5,Aplikasinya ringan dan lengkap bisa lihat rute bis lainnya di daerah.
5,Sangat membantu sekali untuk brangkat k Gianyar nganter anak sekolah tp sayang katanya udh gak br oprasi lg.pdhal besok mau k Gianyar JD bingung naik apa
5,Bintang 5 buat saya masuk mudik gratis nya gan
5,Mudah di gunakan untuk semua kalangan..
5,"cukup bagus, tapi sayang belum mencakup semua terminal daerah jadi gabisa ikut program mudik gratis. fyi : saya orang bogor, terdekat ke terminal baranang siang namun tidak tersedia"
5,sangat membantu
5,"Saya berharap untuk bisa mendapatkan info mudik gratis melalui aplikasi mitra darat ini, terimakasih bapak/ibu yg lagi bertugas,semangat, ditunggu ya info mudik gratisnya segera dibuka,ğŸ˜„"
5,Tracking teman bus sangat jelas dan akurat. UI aplikasi juga sangat baik. Salah satu aplikasi pemerintah terbaik yang pernah saya gunakanğŸ‘
5,Sangat membantu memantau kedatangan armada bus..akurat..semoga bisa dipertahankan aplikasinya..good
5,makasih mitra darat aku udah 2x ikut mudik gratis 2023 dan 2025 alhamdulillah dapat pp mudik nyaman membantu bagi perantau yg kendala biaya buat mudik makasih mitra darat makasih kemenhub lanjutkanğŸ™ğŸ™ğŸ™
5,"Sangat berterimakasih adanya BisKita,kalau boleeh tambah rutenya pak ke Royal Park Residence,,,dari Royal termasuk banyak penumpang anak sekolah dan ortu.Terimakasih"
5,Terimakasih mitradarat untuk bantuannya
5,Selalu ikuti Mitra Darat...Tapi belum pernah ikut mudik gratis nya...Saat pendaftaran on line sulit sekali harus berulang ulang
5,"Alhamdulillah jadi bisa tracking teman bus kota bandung, sebelunnya di aplikasi teman bus belum jalan fiturnya.."
5,"Aplikasinya untuk UI nya bagus dan lebih kekinian, petanya akurat dan lacak bus nya mantap"
5,Agar dipermudah pendaftarannya
5,Aplikasi yang sangat bermanfaat. Jadi lebih mudah mengakses fasilitas Bus Trans Kota diberbagai daerah. ğŸ‘
5,"mantap sekarang kalo mau tracking teman bus di aplikasi mitradarat udah lebih akurat, ga kayak kemaren ngetracking di aplikasi teman bus mencet koridor ini eh yg keluar koridor lainğŸ—¿"
5,"Sangat sangat bermanfaat, apalahi yg biasa menggunakan jasa angkutan umum darat, semoga kedepannya bertambah berkembang."
5,Kenapa GK bisa log in lewat google ada tulisan merah klo mau log in??
5,"Aplikasi nya Bagus, Mohon Rute nya di Tambah Lagi Untuk Daerah Denpasar Rute Jalan Raya Sesetan Ke Arah Pasar Sanglah Belum Ada, maaf kalau salah."
5,Apk ini sangat bagus dan sangat membantu saya untuk melihat keberadaan busnya jangan sampai di hilangkan ya apk nya
5,"Sangat membantu sekali pengecekan KIR asli atau palsu, dokumen uji KIR masih rawan sekali dipalsukan"
5,Sudah baik mungkin perlu diberi jadwal jam keberangkatan dari setiap halte supaya tidak ketinggalan bus selain itu diberi peta rute koridor (tanpa bus) di setiap kota agar tau mau transit ke koridor berapa
5,"Aplikasinya lengkap & mudah digunakan, terimakasih Mitra Darat dari kemenhub udah sangat membantu sekali."
5,"aplikasi Mitra Darat bagus. cek jalur, koridor bus kota, lebih praktis dan tidak tersesat. jadwal koridor bus tak membingungkan pelanggan bus kota. mudah dicari dan tepat. mantap"
5,"Sudah sangat membantu, tapi mohon untuk update lagi, karena ada trayek baru di Surabaya, yaitu FD4 dari SIER ke Kota Lama. Trims."
5,"Aplikasi mudah di gunakan, pelayanan di pos verifikasi cepat dan nyaman,terimakasih Mitra Darat ğŸ‘ğŸ‘"
5,Aplikasinya simpel dan mudah didonloud. Namun harus sedikit bersabar krn banyaknya pengguna.
5,"Saya mau daftar untuk arus balik dari Malang ke Jakarta sudah habis,sedangkan kemarin waktu pemberangkatan ada beberapa bangku bis yg kosong tolong di revisi lagi pak,terima kasihğŸ™"
5,"Terimakasih mitra darat, sangat membantu kegiatan saya sehari-hari, di Balikpapan khususnya."
5,"Min, fiturnya diaktifkan aja semuanya dong ğŸ™ğŸ˜. Barusan buka apk.nya lagi sisa fitur bus tracking ğŸ˜­"
5,"Aplikasi yang sangat bagus dengan fitur yang lengkap, simpel, dan modern!"
5,Aplikasi yang bermanfaat bagi pengguna angkutan bus. Mantaaapp..bagus..bermafaat..ğŸ‘
5,"sangat membantu perjalanan kerja, nyaman, keren pokonya,,, mantappp"
5,top... aplikasi yg membantu buat para pemudik semoga server nya bisa lebih baik lagi biar gak lemot
5,"Syukur Alhamdulillah Bisa diBantu sama Kemenhub, dan sgt mudah skl pendaftarannya,.. Pelayanannya Ramah Mengasikkan,.... SmgThn2 Berikutnya Bisa Bergabung lg"
5,Alhamdulillah bisa mudik gratis bareng Kemenhub. Pelayanan bagus. Pendaftaran mudah. Trimakasih Kemenhub. sukses selalu
5,"Verifikasi mudik gratis pelayanan ramah cepat dan tidak ribet,semoga tambh sukses"
5,"Alhamdulillah dapet tiket gratis pp, proses validasi juga cepat. Terima kasih"
5,sangat bermanfaat dan usul kalau ada pengalihan jalur tolong di kasih notif.
5,"Harga terjangkau, waktu akurat, dan pelayanan memuaskan. Terimakasih untuk layananya"
5,"Recommended banget, bisa tau jadwal bus datang dan pergi jadi bisa prepare lebih efisien."
5,"sangat bagus program dari kemenhub dan terimakasih buat aplikasi mitradarat, sangat membantu kami ğŸ‘ğŸ˜Š"
5,Aplikasinya cukup akurat untuk tracking bus dan lokasi halte atau tempat pemberhentian bus
5,"Terima kasih, Aplikasi ini sangat membantu pengguna TemanBus krn dpt mengetahui posisi Bus realtime"
5,Alhamdulillah dapat tiket mudik gratis dari notifikasi aplikasi mitra darat. Aplikasinya keren dan bermanfaat
5,Sangat nyamanğŸ˜‡ klu bisa titik perhentian di daya dan Sudiang ditambah ğŸ™
5,"Saran min, untuk teman bus tambahin lagi jam operasional nyaa dong buat daerah bandung, jangan sampe jam 8 malem :( karna kadang suka pulang kerjaa minimal jam 9/10 min gituu terakhir biar bisa slow kalau ke halte huhu"
5,"Halo admin, mohon maaf. Apakah kuota per tanggal skrg sudah habis? Soalnya saya bisa log in tp ketika masukin asal dan tujuqn terus pencarian malah logo koktak biru orens gt, itu artinya apaya?"
5,"Pelayanan nya ramah , cepat, dan jelas Mantap Terima kasih"
5,sangat membantu untuk tracking bus dan menginformasikan waktu kedatangan bus dengan tepat ğŸ«¶ğŸ»
5,"Sangat membantu saya dalam pemilihan armada bus saat akan menggunakan layanan bus tersebut , kir/ijin trayeknya hidup /mati dll"
5,"aplikasi nya bagus bangett, bisa trecking teman bus kota yg di tentukan"
5,"perkembangan sangat signifikan! selanjutnya, tambahkan layanan Saran / Kritik. agar kami dapat memberikan saran kepada Kementerian Perhubungan"
5,"Aplikasi transportasi yang cukup baik. bisa mengecek jadwal, record, pemesanan tiket dll"
5,"Aplikasinya bagus banget dan Alhamdulillah dapat tiket mudik gratis, terimakasih kemenhub dan mitra darat"
5,skrg udh mantap kl dulu mmg srg error n miss tingkatkan dan PERTAHANKAN MITRA DARATTTT
5,"Bagus kok apk nya, semuanya lancar dr awal download tinggal menu mudik gratis blm bs buat daftar nih"
5,"Aplikasinya bagus untuk mantau keberadaan bis, sangat terbantu sekali"
5,"Untuk sementara berfungsi semua,kalau bisa ditambahkan live cctv, terima kasih"
5,"Min tolong mudik gratis untuk yg kursi otomatis aja, soalnya ketika pilih bangku kalah cepet udah habis, kayak tahun kmren aja ...mohon di pertimbangkan"
5,Semoga transmusi terus maju dan pelayanan sangat baik. Bus yg sangat membantu aktifitas setiap hari.
5,"Sistem selalu eror tapi alhamdulillah dapet tiket mudik harusnya usir oknum"" Nakal kasian yg mau mudik dan yg suka cencel"" Jangan kasih lagi kasian yg butuh kalo bisa arus balik tambhn donk kejauhan posisinya mau mudik arus balik ga dapet sedih ih"
5,"Mantap, nunggu bis jadi enak karena bisa di tracking.......!!!!"
5,sangat membantu sekali untuk mencari rute BRT dan memeriksa kelayakan jalan kendaraan umum
5,"Min , ini kok susah banget aplikasi di pakai apa lagi menu cuma bebarapa aja ,, utk cek mudik gratis susah sekali"
5,Sangat membantu . mudah mudahan tahun depan dilanjutkan lagi.
5,"Kereennn..... Walaupun apps sulid dibuka , mungkin karena traffic yang dahsyat"
5,para pengguna transportasi sangat terbantu melalui aplikasi mitra darat...
5,"Kok gak bisa login email nya ya, keterangan http failed/try again"
5,Alhamdulillah ada aplikasi ini....jd g perlu ngantri ...tinggal sabar aja ngedaftarnya....semoga lancar sampai hari h
5,Aplikasi tracking yang sangat membantu
5,"sangat membantu ğŸ™,terima kasih atas tiket mk mudik nya"
5,mana ney mudik gratis nya blom muncul di menu nya
5,Aplikasi bagus tapi minta kerjasama dengan pelayanan Transjakarta dong biar bisa tau lokasi
5,Koridor cikarang belum ada ya kak Tp aplikasi nya sangant membantu sekali
5,Mantap solusi bt yg ga punya ongkos plg kampung
5,Sangat memudahkan penumpang
5,Alhamdulillah akhirnya aku dapat dari kemarin gak dapat
5,sangatttt sangattt informatif
5,Saya kasih bintang lima tapi sy minta bantu saya biar dapat tiket mudik gratis
5,mudah diakses untuk mudik gratis
5,Sangat membantu buat pemudik ğŸ™
5,Mantap joss selalu sukses dan jaya
5,txs banyak ya ya semoga bermanfaat
5,Pelayanan nya mantap
5,Aplikasi ya mantap dah pokonya
5,"Paling ok, mudik gratisnya, josss"
5,semoga bisa membantu rakyat tidak mampu
5,sangat membantu masyarakat yang mau mudik .
5,Terimakasih banyak sangat membantu
5,mudik gratis kemenhub Sangat membantu Warga perantau
5,"Slmt pg min,sy login ulang2 kok ngga masuk?,mhn solusinya"
5,Aplikasi bagus dan sangat membantu ğŸ‘ğŸ‘ğŸ‘
5,kata orang2 bus nya tidak beroperasi lagi di galesong yaa kak ? semoga kebijakan nya di perbaharui lagi ya kak soalnya saya kerja di makassar sangat membatu dan memudahkan sekali klau naik bus ğŸ™ğŸ™
5,"Saya login tapi kode otp krm ke WA gak ada min, itu knp min jadinya saya gak bisa login minta bantuan nya min??"
5,aplikasi yg sangat bagus dan Alhamdulillah saya jadi dapat mudik gratis dari mitra darat
5,Aplikasi ini sangat membantu.terutama mudik gratisya suksses selalu buat mitradarat ya
5,susahnya daftar mudik gratis
5,Sekali kali arus mudik d adakan di tegal jangan cerbon mulu ...tegal ga ada terus buat arus mudik ...min min
5,Alhamdulilah yaallah dapet tiket gratis dr mitra darat mau daftar 3 lagi.. makasih mitra darat sukses dan berkah selalu.. aamiin
5,Aplikasi yang sangat membantu.... Semoga semakin baik dan bermanfaat terimakasih
5,"Sangat membantu, pelayanannya sangat baik dan memuaskan"
5,berguna bet buat bolak balik sekolah cihuy
5,sangat berguna untuk mengatahui angkutan fasilitas umum cocok buat dimana saja
5,"Mas Muchi semangat yaaaa, sehat sehat biar aplikasi ini makin ok dan mantap ğŸ¤Ÿ"
5,Aplikasi yang sangat bagus dan dapat berbagi informasi untuk masyarakat
5,Mudah mudahan hari ini dapet tiket mudik dari mitra darat
5,Mantap untuk memudahkan kita untuk berpergian
5,Infonya sangat membantu sekali
5,alhamdulilah setelah 50 menit warr tiket bisa masuk juga
5,mantab lancar jaya yg penting sabar
5,ubur ubur ikan lele . . . mudik nya pake mitra darat aja ya le . . .
5,bagus baik pelayanan ceoat
5,"blm bisa cara daftar mudik gratis,gmn caranya."
5,Bagai mana cara daftar mudik gratis thn 2025 dari tadi susah ya di cari
5,mitradarat sangat membantu
5,Mudik gratis sangat nyaman
5,Semoga dipermudah war tiket gratis nya ya Allah
5,makasih banyak saya bisa mudik gratis
5,Mitradarat sangat membantu
5,Ubur ubur ikan lele Susah banget daftar mudik gratisnya leeee....
5,Mau coba untuk mudik gratis tahun ini
5,Sangat membantu rakyat kecil
5,sangat membantu sekali
5,Keren terbaik komplit
5,susah klik mudik gratis
5,Klo boleh ditambahkan metode pembacaan kartu uji KIR lewat fitur NFC
5,"Baru downlod,semoga ada mudik gratis dan kebagian"
5,Belum bisa buka. ğŸ˜­ğŸ˜­ğŸ˜­ğŸ˜­ Padahal udh jam 14 34 Alhamdulillah akhirnya dapet juga tiket nya ke kebumen
5,Dengan ada ya aplikasi mitra darat ini sangat bermanfaat untuk orang yang membutuhkan terima kasih.
5,"Aplikasi sdh bagus, pertahankan dan tingkatkan lg kualitasnya"
5,"mudah digunakan dan berguna untuk tracking bis kita, terimakasih"
5,"sangat membantuuu, informasinya juga jelass"
5,Mudik gratisnya sangat membantu
5,Perjalanan jadi lebih mudah
5,Selalu ada pilihan perjalanan mudah dan menyenangkan
5,Sukses selalu untuk mitra darat
5,"semoga bisa lebih baik lagi,,"
5,terima kasih atas bantuannya
5,mobilitas lebih mudah murah dan tepat waktu
5,Terima kasih kemen hub atas tiket gratis dan pelayanannya yg baik ğŸ‘
5,mantap sangat membantu
5,"Menunya cuma tracking bus sama cek laik, apa ada yg salahkah"
5,"Tingkatkan, yang kurang perbaiki yang bagus pertahankan ğŸ‘Œ"
5,Sangat membantu...
5,"App buatan Nusantara Global Inovasi selalu terbaik, tidak ada yang buruk, terbaik se Indonesia."
5,sangat membantu
5,"oke , pelayanan mantap . informasi lengkap. semua dibuat mudah. terima kasih mitra darat . ,"
5,Aplikasi yang luas biasa. Semoga dipertahankan kualitasnya
5,"Oke, namun perlu peningkatan kapasitas dan konten"
5,"aplikasi cepat, ga ribet, terverivikasi"
5,Aplikasinya bagus. Live tracking nya akurat.
5,Aplikasinya sangat bermanfaat dan pelayanannya sangat baik
5,sangat memuaskan
5,sangat membantu
5,"Pelayanan mudah, cepat, dah ramah"
5,Terima kasih sudah menyediakan mudik gratis. Walaupun aku gak pernah dapat karena gak punya sarana' dan waktu yg terbuang sia sia
5,Bagus. Sangat membantu pengguna kendaraan..
5,"Satu tahun kami menggunakan bus temanku cimahi-bdg,bdg-bale endah dgn fasilitas e-tol lansia cukup nyaman. Notes: E-tol BNi ganti ke mandiri e-mail harus ganti,memang sprti itu kah karena yg lama telah di pskai?."
5,"Transportasi yg mmbntu dan nyaman, Semoga halte teman bus d makassar semakin banyak ğŸ¤"
5,Ter lovvv banget bisa tracking pantau bis / angkutan yang akan dinaiki sudh smpai mana jadi ga lama2 nunggu dipinggir jalan
5,Tolong dikasih jalan lagi bis dr bandara dan juga yg arah ke galesong karena kami butuh kendaraan seperti tmn bus
5,Sangatt membantu untuk kita yang lagi di luar kota
5,Sangat membantu buat yang mau memakai jasa bua pariwisata
5,Terimakasih Kemenhub untuk pelayanannya.. Semoga kedepannya bisa dtambah lagi kuota mudik gratisnya..
5,"nyaman ,ekonomis dan sangat menunjang aktivitas"
5,"Saya gak akan hapus aplikasi ini, karena aplikasi ini sy bisa mudik gratiss Good"
5,sangat membantu utk atur jadwal bepergian...keren..
5,komplit dan mudah bgt.
5,Info untuk pendaftaran mudik gratis 2025 apakah sudah bisa di lakukan?
5,Yang ada sudah bagus dan lebih di tingkatkan lagi (upgrade)
5,"Sangat membantu Dengan adanya aplikasi ini, cepat tanggap."
5,Bukanya dipermudah sekarang jd semakin sulit...mohon perhatiannya
5,"aplikasinya sangat membantu, semoga sukses untuk mitra darat"
5,"Cocok untuk yg nggk punya motor dan lagi hemat, jd bisa naik bus trans. Dan buat tau jadwal2 bus yg bakal lewat itu jam berapa ajaa"
5,"Pelayanan sangar ramah, bagus, rapih"
5,Sangat membantu dan pelayanan ramah
5,"Bismillah. Mantap, banyak kemudahan."
5,Sudah 2 tahun ikut mudik gratis semoga tahun ini ada LG
5,Aplikasi sangan mudan dan Sangat Membantu
5,Pendaftaran untuk pilih tujuan kok gk bsa min
5,Sangat mambatu Mitra darat memang oke
5,Terimakasih atas pelayanan yang ramah dan memuaskan
5,Bagus appnya buat pantau Bus Rapid Transport
5,praktis dan lengkap
5,membantu banget aplikasi ini untuk pantau posisi bis dan rute yang mau dituju
5,Sangat membantu untuk melacak bus di beberapa kota.
5,sangat membantu para UMKM yg membutuhkan seperti keluarga saya terimakasih banyak MitraDarat
5,senang banget klo naik transcity.sopirnya ramah2
5,bagus walaupun loading lumayan lama
5,"Luar Biasa,Hebat,tambahkan kereta apiğŸ‘ğŸ»"
5,Sangat membantu
5,sangat bermanfaat
5,"Mau tanya min,pendataran mudik gratisnya udh di buka belum ya...?ko ngak muncul....?TRIms."
5,Mau login kok eror trus nieh mitra darat..gimana kak biar lancar
5,Terbantu untuk ngecek kelayak Bis yang akan kita gunakan
5,Aplikasi yang efisien dan sangat membantu
5,Terimakasih sudah memberikan mudik gratis... Semoga semakin banyak terbantu dengan ini..keren pemerintah
5,"bagus min apk nya, semoga lancar jaya"
5,sangat membantu
5,naik angkot
5,"min knpa stiap buka aplikasi time out trus ya min,,jd gak bisa min buka mudik gratisnya"
5,Kak pas login kok hanya akun google?? Tidak ada untuk memasukkan no telepon.
5,"mantab, semoga semakin dikembangkan rute dan armadanya"
5,"Aplikasinya user frienly, berguna banget klo pas musim2 mudik kyk gini :)"
5,"Aplikasi sangat membantu pagi yg mau bepergian,baik sekali"
5,Sangat membantu sekali dalam transportasi angkutan umum.
5,ok sangat membantu
5,Terima kasih dishub ....semoga tahun depan ada lagi dan lebih gampang daftarnya...
5,"Sangat membantu, terimakasih mitra bus"
5,Semoga aplikasinya makin dilengkapi dengan informasi tentang rute-rute bus AKAP
5,Sangat membantu bagi kami yang setiap hari menggunakan bus transmusi ini.
5,"Aplikasi mudah digunakan Pelayanannya juga cepat,,petugas ramah2 Mantaaaab"
5,Aplikasi mudah digunakan dan sangat membantu..
5,sangat bermanfaat aplikasinya dan mudah digunakan
5,"Untuk pendaftaran mudik gratis, mulai tanggal berapa ya min? Barusan saya akses belum bisa, atau sudah full kuotanya??"
5,aplikasi yang sangat membantu jika ingin melakukan perjalanan...
5,Mantap bisa lihat tracking BISKITA.
5,tingkat kn terus pelayanan publik tanpa pilih-pilih
5,luar biasa pelayanannya sangat ramah
5,baguss dan mudahh dan mudah di mengerti
5,Suka soal nya bisa cek semua data kir hehe
5,Aplikasinya bagus . Fast respon dan akurat
5,"Aplikasi ok banget,,sangat membatu saya utk pulang kampung,,bagus dh pooknya"
5,"Di beberapa hp tidak bisa, mungkin tidak kompatibel untuk beberapa hp"
5,Lumayan bisa digunakan utk bahan informasi arus mudik meskipun saya gak pernah mudik
5,"Pelayanan sangat baik, ramah, dan rapih"
5,Saya sudah tidak kebagian tiket padahal masih di buka sampai tgl 14 April 2013 gimana solusinya
5,"Barusan saya buka link nya tp ko ga bisa masuk yah,,apa lagi eror"
5,"Informasi yang teraktual,"
5,Ini tiketnya udh abis apa masih error?...
5,bagus mudah dan praktis
5,Sangat cepat tidak ribet...pelayanan bagus
5,"memudahkan masyarakat untuk mengenal dan menggunakan layanan yang disediakan pemerintah lewat transportasi darat, bravo ğŸ˜"
5,Kenapa ga bisa login?eror http failed
5,Cepat dan mantap.
5,"Pelayanan bagus, sukses terus mitra darat"
5,Pelayanan cepat dan ramah petugasnya
5,"Sangat membantu, terimakasih mitra darat"
5,Proses mudah dan cepat
5,"Bagus, lebih enak, daripada tahun kemarin pakai web"
5,"sangat membantu,cuma harus belajar dulu rute2 nya"
5,"Pelayanan nya bagus, nyaman tetap dipertahankan. Terima kasih"
5,Pelayanan cepat dan petugasnya ramah
5,"Terikasih sudah di adain mudik gratisnya ,sangat membantu kami ,ramah mbakny ,masy buat melayaninny good jobbbbğŸ‘ğŸ‘ğŸ‘ğŸ‘"
5,sangat mudah diakses dan membantu diproses pecarian
5,"Bagus bngt ini aplikasi mitra darat sangat membantu kami para perantau ,thn ini dpt tiket mudik gratis,,,"
5,Aplikasi bermanfaat. Tolong tambah mode gelap dong
5,"kak kok saya ga dapat otp ya, jadi ga bisa masukin data apa"""
5,Min kok setiap login tiket habis terus yah.ini kenapa mohon bantuannya terima kasih
5,"Terimaksih banyak atas mudik gratisnya, semoga kemenhub terus jaya"
5,Pelayanan sangat baik..ramah dan bersahabat..Terimakasih buat kemenhubğŸ™ğŸ¼
5,"ini yg ke2, dulu pernah pas THN baru juga dr Ancol pelayannya bagus, busnya ok pokoknya MANTUUULğŸ‘"
5,semoga'bis dan rute perjalanan nya ditambah
5,"bagus sekali,membantu yg kurang mampu ini apps"
5,aplikasinya mudah dan membantu
5,"Pelayanannya Cepat, responsif"
5,Aplikasinya mudah digunakan dan sangat membantuğŸ‘ğŸ‘
5,sangat membantu untuk melihat transportasi Bus di mitra darat
5,Pelayanan nya bagus banget ramah
5,Mudah di pahami dan sangat bermanfaat
5,"Apakah pendaftaran mudik gtatis sudah dibuka ? Saya cek diaplikasi mitra darat tidak ada menu mudik gratis, atau letaknya disebelah mana ya ? Terima kasih"
5,"Sangat membantu masyarakat, utk solusi perjalanan"
5,"Mudah , bisa membantu pengecekan bus. Terkadang menyediakan mudik gratis tiap tahunnya. Semoga bertambah baik pelayanannya. Terimakasih Kemenhubdat."
5,"Tapi susah banget,, cara dapet tiketnya belum apaÂ² udah habis aja"
5,"terbantu sekali aplikasi ini, jadi tau dimana keberadaan tayo nya, terima kasih ğŸ™"
5,"sangat membantu masyarakat yg kelas menengah kebawah dengan adanya program mudik gratis ini di tengah perekonomian negara yg tak menentu, semoga program ini bisa di adakan lagi utk tahun tahun berikutnya, aamiin."
5,MitraDarat sangat membantu Dan sangat informatif tentang angkutan umum
5,Aplikasi yang membantu banget buat liat kedatangan bis â¤ï¸
5,Recommended apalagi untuk pengguna rutin teman bus
5,Terimakasih berkat aplikasi MitraDarat saya bisa ke jogja secara gratis via MudikNataru.
5,"Tolong di update, biskita depok banyak yg hilang haltenyağŸ™ğŸ»"
5,Mitra darat salut tiap lebaran adain mudik gratis pp walaupun tidak pernah kebagian teman2 banyak yg dapat semoga besok pake sktm spt biofarma krn dilapangan banyak yg jual tiket terimakasih aplikasi ini sgt bagu
5,Asik banget naik mobil ini ....adem ...aman ...dan nyaman ğŸ‘ğŸ‘ğŸ‘
5,Bisa memantau bagian dari kelancaran beraktifitas
5,Aplikasi yg amat sangat membantu di era digital ini
5,Sudah aq download tp kug tampilannya beda ya? Gk ada mode mudik gratis? Bisa dijelaskan min?
5,baru coba mungkin bermanfaat untuk kedepanya
5,Mitra darat sangat membantu masyarakat utama nya di moda transportasi darat....
5,"Teman bus Makassar Panakukang galesong pelayanannya luar biasa semogaha bus di tambah dan halte alfamidi jalan andimapaingga Barombong di tambahkan, hemat mudah di akses dan tepat waktu"
5,"sangat mantap aplikasinya, menyala abangku...."
5,Bismillah...semoga rejeki dapet musik gratis...terima kasih pemerintah. ..
5,"Aplikasi ini membuktikan bahwa tidak semua aplikasi milik pemerintah itu sampah, toh ada juga yang bermanfaat, walau cuma segelintir."
5,Sangat membantu
5,Sangat membantu
5,Posisi bus akurat. Mantap ini
5,"Aplikasi yang bagus, mudah dipahami"
5,"Terimakasih telah mengadakan mudik gratis, sangat membantu bagi yg kesulitan mencari moda transportasi untuk mudik lebaran"
5,"Lumayan membantu utk saya yg buta arah, jadi tau harus naik nomer berapa dan sdh sampai mana armadanya"
5,Mau tanya fitur tiketku kenapa tidak muncul ya? Padahal sudah daftar tiket arus mudik dan balik?
5,"Pelayanan nya bagus, smoga semakin baik kedepannya"
5,memudahkan kita untk jalan2 dan bisnya nyaman
5,"Halo admin., katanya program gratis 2024 dibuka tanggal 5 Maret, sampai sekarang pukul 13.38 masih adem ayem aja. Kasian min banyak orang yang sudah menunggu, mohon di infokan dan dibuka secepatnya ğŸ™"
5,"Sangat membantu bagi saya sekeluarga dengan mudik gratis mitra darat,Karena saya sekeluarga bisa berkumpul di kampung halaman terimakasih mitra daratğŸ™ğŸ™"
5,"sangat terbantu, terimakasih mitra darat"
5,Aplikasi pemerintah terbaik saat ini. Sudah seharusnya pemerintah membuat aplikasi seperti ini
5,Hallo kapan Kota Manado (Sulawesi Utara) bisa ada Teman Bus seperti di Makassar ??
5,Sangat bermanfaat bagi masyarakat khususnya para perantau yg pendapatanya d bwah standar
5,Ok sangat membantu program mudik gratiss nya. Semoga tiap tahun diadakan dan bisa ikut terus.. Hehehe
5,Mantap pelayanannya semoga nanti pas hari H pendaftaran mudik tidak eror lancar selalu
5,Terimakasih atas mudik gratis kemrnhub kami sangat terbantu
5,Alhamdulillah sangat terbantu dari apk mitra darat
5,Susah aplikasi mitra darat untuk masuk tiket gratis
5,"Semoga panjang umur dan sehat selalu serta semakin berkembang yaağŸ¤² Masyaallah, alhamdulillah ga pernah berhenti bersyukur karena tahun kemarin bisa mudik gratisğŸ˜"
5,"alhamdulillah, di aplikasi Mitra darat. Dapat mudik gratis."
5,Sangat membantu saya selaku pengguna angkutan umum.Terimakasih
5,"program bagus buat bantu masyarakat mudik pulang kampung,terus tingkatkan pelayanan masyarakat...trima kasih dishub dan mitra darat"
5,"Sangat membantu banget, alhamdulillah.. Terimakasih sudah di adain Mudik Gratis â¤ï¸"
5,"Bagus nih, salah satu aspek keterbukaan informasi publik."
5,sangat bagus membantu mengetahui rute bus
5,sangat membantu
5,alhamdulillah bisa mudik gratis terima kasih mitra darat sukses selalu
5,mantap order lambat krn berjudul namanya gratis
5,Lumayan..tapi banyak ngebugnya
5,Sangat membantu bagi kami yg pekerjaan serabutan kalau bisa di andalan tiap tahun
5,Bahagia hatiku ...kalow bisa ikut mudik gratis lebaran tahun ini yang diadakan bumn terima kasihğŸ™ğŸ™ Lha tapi kok aku baruan doewland aplikasi ini kok...tiba tiba mucul tiket habis lurrrrğŸ˜­ğŸ˜­ğŸ˜­ğŸ˜­ğŸ˜­ğŸ˜­
5,"yg ingin mudik bareng mudik gratis jgn takut dn ragu karena ini memang benar"" free tanpa di pungut biyaya sepeser pun bersiapÂ² utk daftar mudik lebaran th 2025 di bulan maret yg akan datang"
5,mudah keren lengkap.... pengen ngrasain ikut mudik sayang ga kerja di jakarta .......;)
5,Untuk gratis ke pekanbaru programnya gak ada ya
5,Kapan di buka nya mudik gratis
5,Terimakasih untuk dishub penyedia trans semanggi surabaya karena sudah mempermudah mahasiswa dalam bepergian dengan ongkos murahğŸ˜‰ğŸ¤—
5,Terima kasih pelayanan nya sangat ramah
5,Berguna lah kalau mau cari tau posisi bus saat mau pergi naik bus
5,kenapa setiap detail tiket gratis selalu habis?
5,"oke,tapi blm bisa kebuka ni aplikasi"
5,Aplikasi keren bisa buat daftar mudik gratis
5,Sangat memuaskan
5,"giliran mau cari mudik gratis sistem server malah down,,,,,,gimana nih min,,,,berharap banget program mudik gratis,,,,"
5,Alhamdullah ya allah bisa daftar
5,"Sangat baik, terima kasih saya bisa mudik gratis"
5,sangat membatu untuk pulang kekampung halaman
5,Dengan adanya aplikasi ini kita bisa mudah mencari tiket
5,teruslah berbuat membantu sesama yg membutuhkan
5,"Keren banget, sangat-sangat berguna..â­â­â­â­â­"
5,Memudahkan perjalanan Informasi lengkap
5,alhamdulilla sangat terbantu dengan aplikasi ini
5,Login trus ngak bisa buat milih tujuan mudik
5,sangat membatu
5,baik digunakan untuk mengatahui titik pemberhentian
5,Jd lebih nyaman walaupun pakai kendaraan umum.
5,sangat mudah dan membantu
5,"Alhamdulillah, mudah penggunaan aplikasinya. semoga bermanfaat bagi masyarakat"
5,"Alhamdulillah dapet mudik gratis, terimakasih kemenhub sangat membantu sekali untuk keluarga sayağŸ™ğŸ™ğŸ™"
5,Keren tinggal nunggu update bis kita yang kab bekasi
5,Alhamdulilah aplikasi mitra darat sangat membantu kamiğŸ˜˜
5,membantu sekali
5,Terima kasih atas pelayanan nya ramah sekali
5,Pelayananya bagus sekali mantep makin sukses
5,Kok sya sudah daftar mudik tpi ada ktrangannya tiket habis apa masih ada kesempatan mudik gratis
5,"Fitur nya kok gak muncul semua min, ?"
5,Terimakasih mitra darat tiket mudik PP + motornya.. semoga makin jaya raya
5,Sukseskan mudik gratis 2025
5,"Sangat membatu rakyat kecil, sukses terus"
5,Icon mudik gratis belum muncul ya di aplikasi min?
5,Di aplikasi mitra darat kok gk ada menu mudik gratis THN 2024
5,sangat membantu mobilitas
5,sangat membantu
5,"Terimakasih, saya sangat terbang dengan adanya mitra darat"
5,ALHAMDULILLAH... MANTAAAP DAN LUAR BIASA....MUDIK GRATIS SANGAT MEMBANTU SEKALI UNTUK MASYARAKAT YG INGIN MUDIK
5,Info mudik tahun 2025.
5,terbantu untuk perjalanan mudik
5,"Semoga kedepannya bertambah armadanya,"
5,Pelayanan yang bagus cepat
5,Sangat membantu
5,sangad membantu dlm mlakukan perjalan dan trif bershabat dgn kantong masyarakat umum.
5,Pelayanan sang at bagus
5,"Susah mode bus bos tiket habis terus katanya jam 8 pagi, tiap buka eror / kerusakan apknya"
5,Login terus gak bisa di buka y
5,Udah login dan klik mudik gratis. Pilihlokasi tp kok ga keluar apaÂ² ya ??
5,informasi transportasi angkutan umum yg bisa diandalkan
5,pelayanan mohon diperbaiki lagi biar pelanggan pada puas
5,Mantapp terima kasih atas diadakan mudik gratis semoga samkin berkelanjutan buat kami warga jakarta dll sukses selalu
5,Bismillahirrahmanirrahim pulang kampung 2023 terimakasih yang telah mempermudah semua urusan kamiğŸ™
5,Alhamdulillah .. sangat membantu untuk masyarakat.. tentunya bagi saya .. terimakasih mitradarat.
5,sangat membantu dan sangat terjangkau
5,"Terimakasih banyak buat Kemenhub yg sudah memberikan mudik gratis buat kami,vsemoga jaya selalu, di tunggu mudik barengnya di tahun berikutnya ya ...ğŸ™ğŸ»ğŸ‘"
5,Maaf min mau tanya dong... Ini kok saya daftar mudik gratis gak bisa bisa kenapa ya?
5,Mantap... Sangat membantu tracking bus saat anak pulang sekolah. Teman Bus ğŸ‘
5,Terima kasih atas d adakan program ini sangat membantu buat saya
5,sangat memmbantu rute perjalanan bis ..terutama bus tayo
5,Mudah2an dpet tiket app nya mudah2n lncar Bismillah
5,Aplikasi mantab jaya.. Sangat membantu ğŸ™ğŸ™ğŸ™
5,Semoga mudik tahun ini membantu n menjadi lebih baik.Terima kasih
5,Proses cepat dan petugas tanggap dalam melayani verifikasi ulang
5,"membantu bgt, makasih ya,"
5,Alhamdulillah sangat membantu dalam perjalanan mudik gratis saya thun ini trimksh Mitra darat
5,Sangat membantu masyarakatğŸ‘¥ğŸ‘¥ğŸ‘¥
5,kok masuk ke sini mau daftar mudik gratis
5,Mantap trima kasih banyak untuk MitraDarat
5,Dengan Apk ini membantu masyarakat mengetahui status kendaraan yang disewanya
5,aplikasi memudahkan transportasi umum
5,Trima kasih banyak
5,Mantav... Jd bisa tau posisi bus nya udh dimana
5,"Alhamdulillah, lancar dari daftar sampai validasi Amin"
5,Mantap kali Teman Bus di Mitra Darat. Bisa bunyi peringatan kasi tau kalau Bus Sdh dekatğŸ˜
5,Baru dibuka pendaftaraan kemarin mudik gratis hari ini daftar tiket habis
5,Bagaimana cara daftar mudik gratis bus
5,mudah digunakan bisa kapan saja ğŸ˜Š
5,"Baru pertama x ikut , Alhamdulillah bisa dapat mudik gratis , mksh"
5,Aplikasi yg sangat membantu kita untuk bepergian
5,alhamdulillah dapat mudik gratis setelah bbrp x gagal
5,sanggat muda di pahami.
5,Semoga bermanfaat utk masyarakat luas dan menjadi lahan info perjalan darat
5,Tidak bisa download aplikasi mitra darat
5,Terima kasih pelayanannya ramah sekali kaka nya
5,Pelayanan nya sanggat bagus
5,Sangat membantu masyarakat yang ingin pulang kampung ğŸ‘ğŸ‘ğŸ‘
5,Terimakasih utk mitra darat dan Kemenhub untuk mudik gratis nya
5,Masya Allah tabarakallah pulang kampung....
5,Kapan mudikgratis jalur Palembang ke malang ada pak? Mulai saya cek tanggal 13 Maret sampe 23 kok tetap kosong Makasih pak
5,Kerenn mitra darat walaupun hampir sesek buat war tiket
5,gampang dan bnyk membantu
5,"Alhamdulillah Ya Allah... jos gandos spektakuler TUMOMO, gampang untuk dapat job,dan dapat kursi"
5,sangat membantu sekali. terima kasih
5,transfortasi murah nyaman cepet GK lama nunggu
5,Pelayanan yang bagus
5,Terimakasih sangat membantu sekali
5,Sangat membantu pemudik seperti saya
5,Sangat mendukung bgt buat mudik gratis
5,Bagus.enak dan aman
5,tahu pentingnya informasi
5,sangat membantu sekali
5,alhamdulillah akhirnya dpt juga tiket mudiknya
5,Tidak bisa login ya
5,"aplikasi mitra darat dari kemenhub sangat membantu sekali untuk mudik gratis tahun ini 2023, terimakasih kemenhub."
5,Sangat bermanfaat dan membantu
5,"Pelayan bagus,, trimakasih banyakğŸ™"
5,aplikasi Sangat membantu sekali
5,"Sangat Bermanfaat Bagi Kami Perantau, Terimakasih Pemerintah ğŸ™"
5,Terima kasih mitra darat atas mudik gratis nya. .semoga di tahun depan bisa ikut mudik gratis lg ğŸ˜‡ğŸ˜‡
5,penuh perjuangan.....Alhamdulillah....berhasil juga
5,Yesss memmbatu sekali
5,ya allah gx nyangkah bakal dapat
5,Terima kasih Menteri Perhubungan dan Walikota Banjarbaru Kalimantan Selatan PAK ADITYA bukan untuk Walikota Ibu lisa ya... (perlu di ingat)
5,"Cukup membantu banget bagi para mncari tiket mudik gratis,semoga tahun tahun yg akan datang semakin baik"
5,"asalamualaikum mohon maaf stlh trdftr di akun mitra darat masukan nama lokasi dan nama daerahvyg di tuju selesai,,, trsyg mau sy pertanyakan dimana ya posko tempat validasi dftr ulang di kota surabaya nya pak bu mohon petunjuk trimakasih"
5,Saya sufah download terus langkah selanjutnya bagaimana yah ?
5,Terima kasih atas bantuannya akhirnya dapat mudik balik tahun ini
5,Sangat membatu....good job.....sehat selalu.
5,Terimaksih sudah membantu saya pulang gratis..
5,Cuma di Daerah MT Haryono jauh betul koridor B nya dari simpang beller ke Gedung kembar depan toko Orange Apakah diantaranya bisa dibuat pemberhentian Koridor B
5,saat memuaskan dan baik
5,"Saya kasih bintang 5,soalnya udah dapet tiket gratisnya,he he"
5,Ngga mudik tiket gratis nya kehabisa .merasa sedih ngga jadi jumpa orang tua
5,gambang mencari info2 bis dll
5,alhamdulillah membantu sekali. MENYALA MITRA DARATğŸ”¥ğŸ”¥ğŸ”¥
5,mantap .membantu. bangeut utk kami yg ibu rumah tangga atau rakyat kecil
5,Terimakasih bnyk jadi bisa mudik gratis
5,Kapan mudik geratis di buka 2025 tanggal berapa apa bisa lewat offline
5,Alhamdulillah dapat Mudik gratis.... Terima kasih Kemenhub....ğŸ™ğŸ™ğŸ™
5,Mantap pelayanan sangat baikkkkk
5,Alhamdulillah mantap sekali
5,mantep serius membantu yang buta map..
5,"Terima kasih BUMN, ini salah satu fasilitas paling sukses"
5,Terimakasih kemenhub untuk pelayanan mudik gratis ini
5,Terimakasih untuk mudik gratisnya
5,ayo Dong kasih yg terbaik
5,Aplikasi keren dan akurat
5,Sangat Membantu
5,Sangat membantu
5,bagus pelayanan nya
5,Aplikasi yang baik untuk membantu masyarakatnya
5,brt teman setia ku
5,Pelayanan sangat bagus
5,"sejauh ini sangat bagus, saya minta tolong untuk menambahkan rute baru di jl setia Budi Medan untuk bus Metro Deli/kalista bus listrik."
5,sangat baik dan sangat membantu.. terima kasih
5,sangat membantu masyarakat yang membutuhkan
5,Alhamdulillah dengan adanya mudik gratis dari pemerintah kota Palangkaraya ini sangat membantu sekali bagi kami yg ingin pulang kampung berlebaran bersama keluarga
5,"mudah, bagus, ramahğŸ‘Œ"
5,Membantu cari info perjalanan
5,"Aplikasi bagus, sangat membantu"
5,"Alhamdulillah, sangat bermanfaat dan membantu saya, terima kasih. ğŸ™ğŸ¼"
5,Tiket gratis sudah habis aja Min Padahal baru di buka
5,Membantu sekali disaat musim mudik
5,cukup mendukung bg Masyarakat yg kepingin Wisata Daerah Ubud .Nusa 2. klo bsa rute Terace Sering.
5,Alkhamdulillah sudah yang ketiga kalinya ikut mudik gratis
5,Pelayanan sangat baik
5,terimakasih mitra darat atas supportnya
5,Terima kasih untuk program mudik gratisnya ğŸ™
5,Tingkatkan terus semoga bermanfaat
5,"Min, saya salah masukin nomer .. mo rubah nomer telp. Gimana caranya biar bisa login? Mkasih min"
5,Keren sangat membatu sekali
5,"Info update nya untuk mudik gratis bus,"
5,Sangat mudah digunakan
5,Sangat membantu sukses terus
5,Alhamdulillah semoga kedepannya semakin baik
5,Terima kasih buat tiket gratis nya...sangat membantu
5,Gimana nih kok gak bisa muncul daftarnya tiket mudik gratis nya
5,Alhamdulillah langsung bisa login
5,Dengan adanya program mudik gratis ini saya sekeluarga mengucapkan terima kasih banyak kepada Kemenhub
5,Mantap keren buat mudik gratis
5,Layanan sangat memuaskan ...
5,lope banget bisa membantu perekonomian
5,Pelayan dengan baik (terimakasih kk)
5,Terimakasih pelayanan bagus
5,Pelayanan sangat bagusssssss
5,Sangat membantu aplikasinya
5,Trimakasih aplikasinya .sangat membantu kami
5,Terbaik sudah bisa pesan mudikgratis2023
5,alhamdulillah aplikasi lbh baik
5,Sangat bermanfaat bagi pengguna
5,Sangat membantu untuk cari tiket mudik gratis... Tahun kemarin ikut mudik gratis mitra darat...semoga tahun ini juga bisa ikut mudik bareng mitra darat...
5,sangat membantu mantap
5,Sangat membantu rakya Indonesia.
5,Aplikasi bagus dan keren
5,Aplikasi bagus semoga bermanfaat
5,"Alhamdulillah dapat mudik gratis PP, terima kasih mitra darat"
5,"Alhamdukilah, mudik balik kampung,terimakasih kemenhup sukses terus"
5,"Alhamdulillah, Terima ksh Ditjen Hubdat akhirnya thn ini bisa mudik gratisğŸ˜ğŸ˜˜"
5,keren n sangat membantu
5,"Minn kok tiketnya pada habiss , emang gaa bisa ditambahin lagi?"
5,Aplikasi nya mudah
5,sangat berguna bagi yang mau mudik
5,terima kasih sangat membantu sekali
5,"Terima kasih telah memberikan fasilitas mudik gratis,"
5,bagus dan mengasyikan
5,Aplikasi lancar jaya
5,ngebantu bangetttt sih keren...
5,Mantab lebih mudah mengetahui tute atau info tentsng mudik
5,Pelayanan baik sekali.
5,Sangat membantu kita dalam informasi mudik gratis
5,Ini daftar sekarang mudik taun depan yah
5,Baik... Palayanannya ramah
5,"Sangat bermanfaat, terima kasih"
5,"Aplikasi yg keren nich,ad info2 dsni"
5,Trimakasih mitra darat.sukses selalu
5,Saya membantu aplikasi mitra darat buat mudik lebaran ke kampung
5,Semoga bisa ikut mudik gratis lagi THN ini
5,Ok sih.. Tapi belum dapet tiket ny..
5,Otp nya ko ga muncul yah ?
5,"Mantap....jadi bisa mudik Gratis nih, terimakasih MitraDarat, Kemenhub"
5,"Min kok saya login gk ada suruh masukin nomor ya, trus menunyya cuman chek laik sama trucking bus. Gimana min?"
5,Terimakasih kemenhub sudah mengadakan mudik gratis
5,Sangat membantu masyarakat
5,ok dapet tiket. butuh perjuangan
5,sangat mantap mantul manis meriah cihuuyy
5,Bagus banget dan sngt membantu
5,Mudah2 an bisa dapat kouta mudik
5,Terima kasih mitra darat Terimakasih banyak
5,Bisa Daftar Mudik Gratis 2023 disini... keren ğŸ‘ğŸ‘
5,Terimakasih telah membantu kami para perantau untuk mudik dgn gratis
5,Aplikasi nya sangat membantu
5,cakep dan mantap
5,Pelayanan bagus
5,Pelayanan bagus
5,Pelayanan bagus
5,"Trimakasih , mudik gratisnya"
5,"alhÃ mdulillah,bisa dapat kursi"
5,Cepat dan baik
5,"Memuaskan pokoknya,pelayanan ramah...top bgt deh pokoknya...."
5,sangat membantu sekali
5,Alhamdulillah terdaftar mudik gratis 1 keluarga. Terimakasih sudah Memudahakan orang lain. Semoga allah mudahkan balik
5,Terimakasih untuk kementrian perhubungan atas mudik gratisnya yg sangat membantu
5,terimakasih sangat membantu
5,Trimakasih untuk layanan mudik gratis
5,lumayan war tiketnya... rebutan hbs
5,Sangat membantu sekali
5,Kode verifikasi lama sekali kirimnya
5,min kok apknyaaa sering update :c
5,keren dan terpercaya
5,Pelayanan terbaik
5,Mudah mudahan Lancar Mudik 2023
5,sangat membantu terimakasih
5,aplikasinya sangat membantu
5,Belom keluar menu mudik gratisnya ğŸ¥²
5,Sangat membantu. Terimakasih
5,top sangat membantu
5,terimakasih layanannya dishub
5,mudik gratis 5 mnit hbis smua tiketnya ğŸ˜­ğŸ˜­
5,aplikasinya bagus
5,aplikasi bagus..sangat membantu
5,pelayanan sangat baik
5,trmksh utk kementrian perhubungan yg telah mengadakan mudik gratis nataru lagi. semoga tetap berjalan tiap tahun..
5,Mau daftar mudik gratis ko udh habis ya dari jakarta ke jepara.
5,Sangat membantu aplikasi ini
5,Sangatt menbantuuu cepettttt bangettt
5,Terimakasih mitra darat yang telah memberikan mudik gratis
5,Semoga beruntung dapat tiket gratis
5,Mantap program mudik gratis jyağŸ‘
5,Sangat membantu masyarakat
5,"terimakasih kemenhub,sudah mengadakan mudik bareng2023"
5,Belum ada fitur mudik
5,versi 1.1.8 belum ya
5,aplikasi ini membantu banget
5,Tambahin untuk pantau smua bis akap akdp min
5,Kok gak bisa masuk ya
5,Terimakasih Kemenhub untuk mudik gratis
5,Terimakasih mudik gratisnya
5,sangat membantu sekali
5,"terimakasih Mitra darat,,semoga semakin jaya dan sukses"
5,terima kasih .semoga lolos verifikasi Aamiin
5,"Sangat membantu, good"
5,eror belum ada tanggepan dri jam 1 nungguin
5,Mantap semoga lancar
5,Ada gangguan terus
5,Aplikasi yang bagus
5,"Bagus, pelayan terbaik"
5,sangat bagus dan membantu
5,Sangat membantu pemudik gratis
5,lumayan jelas utk Semanggi Suroboyo
5,"Terimakasih, sangat membantu"
5,sangat rekomendasi sekali
5,sangat membantu.. terimakasih
5,"sering2 lihat dan baca review para pengguna, serta segera ditindak lanjuti"
5,Terima kasih kemenhub udah nyekenggarain mudik gratiss
5,Aplikasinya susah digunakan.
5,MitraDarat kawan tepat transportasi
5,sangat membantu masyarakat dengan ada nya mudik grastis
5,Mudah2an dapet mudik gratis
5,mantap jiwa mempesona
5,Info pergerakan unit akurat. ğŸ‘
5,Terimakasih kerja pemerintah membantu rakyat terbukti
5,mantab aplikasi nya
5,bagus sangat bermanfaat
5,Sangat meringankan beban masyarakat
5,"Alhamdulillah, akhirnya dapat,."
5,Terimakasih sangat membantu
5,Semoga dapat tiket mudik gratis..
5,Terimakasih banyak mitra darat
5,Aplikasi sangat membantu
5,Mohon bimbingannya jika ada kendala
5,Bismillahirrahmanirrahim semoga bermanfaat dan bisa membantu Anda
5,Semoga bermanfaat
5,Semoga mudik tahun ini lancar
5,Tiket gratis oke mah
5,Bagus. Semoga tttap lncar
5,Mudik gratis lebaran 2024 kapan dibuka ?
5,bissmillah dapet tiket gratis
5,sangat memuaskan
5,"Min, knp belum ada menu mudik gratis?"
5,saya suka sama Mitra Darat
5,sangat membantu sekali mksh
5,"Maaf ka..mau bertannya ad brp bis arus balik dr banyumas ke depok jatijajar,mohon infonya ka"
5,Aplikasi yg sangat membantu
5,Download aplikasi ini karna mau daftar mudik gratis semoga dpt kuotanya amiin
5,sangat membatu sekali ğŸ‘
5,Dicoba dulu yah
5,Goblock aplikasi bnyakan calo dan udah di retas atau bahkan orang dishub sendiri udah bermain danvuk
5,"Dunia sementara,akhirat selamanya."
5,aplikasinya keren
5,Semoga bisa membantu orang2 perantauan seperti saya
5,sangat memuaskan
5,"Min terakhir tgl berapa acara mudiknya,,kiranya tgl 20 msh ada ngga ?"
5,mudah dipakai
5,Pak minta tlong ditambah unit nya untuk rute mall Panakukang - ke pelabuhan galesong ğŸ™ Karna rata2 pekerja baru keluar kantor jam begini .
5,mitra darat menjadi mitra semua rakyat indonesia
5,Sangat membantu
5,LUAR BIASAA APLIKASINYA SANGAT2 MEMBANTU
5,terimakasih mitra darat Dishub
5,Tingkatkan lagi Yang sudah baik ini.
5,Terbantu buat mendapatkan mudik gratisss.
5,"Mitra darat, OK"
5,Terimakasih sangat membantu
5,Terima kasih kemenhub dan ditjen hubdat
5,Berfungsi baik
5,Pelayanan baik
5,Sangat membantu...Mantap
5,Kok g bisa di download
5,"mudik nataru 2024 alhamdulillah kebagian, mantep"
5,sangat berarti..mantap
5,Sangat membantu
5,Sangat membantu...
5,"siip, mantaplah. terima kasih ....."
5,Thank You sudah dikasih kesempatan ğŸ˜
5,pemerintah sangat membantu masyarakat untuk mudik lebaran Idhul Fitri
5,Dapat tiket mudik gratis pulang jakarta- semarang
5,Bagus mudik tahun ini
5,masyaAllah akhirnya bisa ikutan mudik gratis
5,Mantap sekali aplikasinya
5,Sangat cocok untuk saya
5,bagus dan membantu
5,"Mantaaap tiket mudiknya,,trimakasih sukses slalu"
5,bagus sangat membantu
5,bagus sangat membantu
5,sangat bermanfaat
5,sangat bermanfaat
5,Mantap semogah sukses selalu BTS teman bus
5,sangat membantu masyarakat
5,sangat bermanfaat
5,semoga kami selamat sampai tujuan....aamiiin
5,Sangat membantu
5,sangat membantu
5,OTP nya apa sudah ada kak
5,sangat memuaskan
5,sangat membantu
5,sangat berguna sekali
5,"Usulan untuk koridor C, agar ada stop bus di seberang RS Hermina"
5,Terimakasih kemenhub mudik gratis 2023
5,Mantap sekali
5,Sangat bermanfaat
5,Sangat membantu
5,sangat membantu
5,Sangat membantu
5,Sangat membantu
5,Semoga Berkah dan Selamat sampai tujuan
5,"Baru Pakai Dan Baru Instal, Semoga Nyata Spt Impian Yg Di Inginkan"
5,memuaskan aplikasi ini
5,Semoga lolos pulang pergi
5,Sangat membantu
5,sangat membantu bagus
5,Sangat membantu kami
5,BAGUS TPI BERIKAN BIMBINGAN UNTUK ORANG YG BARU DOWNLOD
5,Sangat membantu
5,Keren..pokok nya mantap!!
5,bermanfaat bagi semua orang
5,Tiket Dari Jakarta Pulogebang Tujuan Kebumen Habis Min
5,Aplikasi yg sangat membantu
5,Lebih baik lagi intinya
5,"Pelayanan mantap,ramah"
5,Sangat bermanfaaat
5,Alhamdulillah sangat membantu
5,Mudik gratis mantap
5,Mantap dpt mudik gratis
5,"Terimakasihh, untuk mitra Darat"
5,Bagus aplikasi nya
5,Jos....makasih untuk mudik gratisnya
5,mantapppppppp dapet di Madiun padahal ke jkt
5,Gampang diakses
5,Semoga bermanfaat untuk semua
5,Semoga makin lancar
5,sangat membantu
5,sangat membantu
5,Puas trhdap layanan mitra darat
5,alhamdullilah baru pertama ikut mudik gratis
5,kerenn aplikasinya
5,Sangat membantu
5,sangat membantu
5,alhamdulillah dapet tiket
5,Terimakasih untuk MitraDarat
5,Sangat membantu
5,Sangat membantu
5,Sangat membantu
5,Sangat membantu
5,Sangat berguna
5,sangat membantu
5,sangat membantu
5,sangat membantu
5,sangat membantu
5,sangat membantu
5,Pelayan yang nyaman
5,sangat membantu
5,sangat membantu
5,sangat membantu
5,sangat membantu ğŸ‘
5,sangat membantu
5,Sangat membantu
5,Trimakasih. Sukses selalu
5,Sangat membantu
5,Alhamdulillah dpt mudik gratis
5,Alhamdulillah dpt tiket mudik gratis 2023
5,Sangat bermanfaat
5,Terimakasih mitra darat
5,ok banget mmbantu sekali
5,Sangat membantu
5,"Min,, baru saja dowlond kok udh hbis tiket mudik gratis nya"
5,Mantul... terima kasih kemenhub
5,Sangat bermanfaat ğŸ‘
5,Sangat membantu.. ğŸ‘
5,Dah habis bos tujuan wonogiri
5,sangat membatu
5,Saya sangat terimakasih bangat..
5,Semakin membantu
5,Sangat bermanfaat
5,Bismillah semoga dapet mudik gratis
5,Saran: tambahkan bis nya
5,Sangat membantuuuğŸ˜
5,Terima kasih kementrian perhubungan
5,sayangat membantu masyarakat.
5,terimakasih mitra darat
5,sangat membantu
5,Pertama kali tp bs mudik gratis
5,bermanfaat banget
5,mudik gratis nataru pegen ikut gimana caranya
5,terima kasih dishub
5,Semoga masih kebagian
5,Persyaratan mudik gratis dari Pemkot apa aja
5,Mantap lanjutkan melayani masyarakat
5,mantap untuk nitra darat
5,Terimaskih mitra darat akhirnya dapet tiket mudik
5,Terimakasih minta darat.
5,Kpan mudik gratis akan di mulai.
5,Membantu banget
5,ok..sangat membantu mudik
5,Gimana cara berburu tiket gratis
5,mitra darat keren
5,pembrangkatan jakarta barat gak ada
5,Aplikasi yg membantu ğŸ‘ğŸ»ğŸ‘ğŸ»ğŸ‘ğŸ»ğŸ‘ğŸ»
5,Makasih Mentri Kemenhub atas mudik gratis
5,Aplikasinya Mantabs
5,"mohon untuk wilayah Cepu,Bojonegoro diadakan"
5,Bagus pelayan nya
5,Pelayanan mantapp
5,sngat membantu
5,Mantap semoga dapat... Aamiin YRA
5,terima kasih Dishub
5,trima kasih mitra darat
5,"oke bgt, semangat"
5,mudik gratis oke
5,Jaringan g jelas
5,Baru mulai mudik
5,Mantap tenan
5,Aman dan baik..
5,Mantab Semoga Berkah
5,sangat membatu
5,"mantaap,sangat membatu"
5,Membantu banget
5,Pak supir nya baik bett ğŸ‘ğŸ»ğŸ‘ğŸ»ğŸ‘ğŸ»ğŸ‘ğŸ»ğŸ‘ğŸ»ğŸ‘ğŸ»ğŸ‘ğŸ»ğŸ‘ğŸ»
5,Terimakasih teman bus
5,semoga lancar
5,Terima kasih banyak
5,Akuny gak bisa di buka..
5,Membantu sekali
5,saya berkesan dengan ini
5,Semoga makin sukses
5,Bismillah.. Mudik gretong
5,Perbanyak kuotanya dong..
5,Cara isi survey bargaimana ia
5,Bismillah mudik tanggal 17/18
5,Pemburu mudik grstis
5,Salam mitra darat
5,mantap semoga berkah
5,tidak kebagian
5,Mudik mantap kemenhub
5,bgs apk nya
5,Mitra darat merakyat .....
5,akhirnya dapat
5,Kouta habis trs
5,semoga membantu
5,Aga ribet masuknya
5,Baik sekali
5,trmksh mitra darat
5,baik sekali
5,ini yg saya mau
5,Semoga sukses
5,bagus banget
5,mantab paman
5,cepat respon
5,bagus
5,bagus detail
5,oke bgt
5,"Sangat membantu, Proses pemesanan dan informasi jadwal bus antar kota jadi lebih mudah dan transparan. Tampilan aplikasi simpel dan mudah dipahami. Terima kasih Kementerian Perhubungan atas inovasinya, semoga terus dikembangkan demi pelayanan publik yang lebih baik. #BANYUMASBETTER"
5,Masya allah.. Tabarokallah
5,masyaAllah alhamdulilah..
5,Tingkatkan!!
5,membantu
5,Bagus
5,Ok
5,Mantap
5,top
5,ok
5,mantab
5,Ok
5,Mantap
5,good
5,Oke
5,mantap
5,Ok
5,mantap
5,Ok
5,Mantap
5,Mantap
5,mantul
5,Alhamdulillah
5,keren
5,Oke
5,Bismillah
5,Ok
5,okeeeeeee
5,bagus
5,Alhamdulillah
5,Good
5,Jos
5,nice
5,top
5,Top
5,mantab
5,makasih
5,Ok
5,jos
5,bagus
5,Ok
5,Ok
5,Mantul
5,terbaik
5,mbois
5,mantap
5,Keren
5,mantaap
5,Alhamdulillah
5,ok
5,Alhamdulillah
5,woww
5,is the best
5,Good
5,Ok
5,Mantap
5,bagus
5,ok
5,Ok
5,bagus
5,Top
5,Oke
5,mudik
5,Mantab
5,top
5,bagus
5,Good
5,Keren
5,mntap
5,bagus
5,mantap
5,mantap
5,Mantab
5,Mantapp
5,mantap
5,mantappp
5,bagus
5,Ok.sangat membantu.mks
5,TerbaikkğŸ‘
5,mantap jiwa
5,bintang 5
5,lebih akuratt
5,sangat baik
5,bagu s
5,Sangat bagus
5,Oke banget
5,aplasi mantap
5,Sangat puas
5,luar biasa
5,Baik good
5,Good job
5,saya suka
5,mantap mitradarat
5,Aplikasi bagus
5,ceple rakap
5,ok membAntu
5,ğŸ‘ğŸ»
5,mantul...
5,Sy husnudzon sm apk ini !
5,Sertifikat error ğŸ™ğŸ¼
5,Tingkatkan!!
5,ok
5,Mantap
5,alhamdulilah
5,Mantap
5,mantap
5,mantap
5,oke
5,Mantap
5,Top
5,mantap
5,Ok
5,good
5,Ok
5,Good
5,mantap
5,Oke
5,mantap ğŸ‘
5,â¤ï¸ğŸ‘
5,sangat bagusssssssssss
5,sangat bagus
5,ğŸ‘
5,Mempermudah tracking bus
5,mantap
5,baik
5,puas
5,mantapslah
5,Best
5,ok
5,mantulllllll
5,Mantap
5,Ok
5,ok
5,Terbaaaik .
5,Bagus banget
5,Sangat bagus
5,terima kasih
5,"Sangat membantu dalam memilih armada transportasi, kelayakan armada terjamin"
5,apk nya okey lah...maaaantaaaapp..
5,helpful
5,asd
5,Juosss
5,sangat cocok
5,ğŸ‘
5,bagus
5,nice
5,membantu
5,good
5,Good
5,GoodğŸ¤”
5,Mitra Darat
5,Sudah bagus
5,keren banget
5,We love u.
5,Memuaskan!
5,bagus
5,Ol
5,bagus
5,Keren
5,Good app
5,Ok..ğŸ‘ğŸ‘ğŸ‘ğŸ‘ğŸ‘ğŸ’¯ğŸ’¯ğŸ’¯ğŸ’¯ğŸŒŸğŸ‘
5,Aplikasi sangat membantu
5,sipppğŸ‘ğŸ‘
5,Ok
5,Ok
5,keren
5,Goood
5,is the best
5,Baik
5,Mantap keren.
5,bagusss
5,Good apps
5,Bagus
5,baik
5,real time trackingnya mantap
5,mantap
5,Akurat
5,"Aplikasi iki wes neng hp ku suwe, daftar mudik gratis,durung pernah oleh.mugo wae tahun 2024 Iki ono tambahan quota"
5,Good lah. Fast
5,apk yang perlu dan sangat membantu
5,Mantapp!!!
5,"Simple,Membantu"
5,Tapi blom bisa daftae
5,ğŸ«¡ğŸ‘ŒğŸ‘
5,keren
5,ok
5,nice
5,alhamdulillah
5,Ok
5,Mantap
5,The Best
5,keren
5,terimakasih
5,mantap
5,kereeennn
5,bagus
5,mntap
5,baik
5,Mantap
5,ok
5,puas
5,bagus
5,Mantap
5,mantap
5,baik
5,mantaaap
5,mantal
5,mantap
5,mantap
5,mantap
5,ok
5,jos
5,makasihhhh
5,mantap
5,Oke
5,mantap
5,bagus
5,good
5,mantap
5,Mantap
5,mantap
5,Ok
5,Membantu
5,good
5,Good
5,alhamdulillah
5,trimakasih
5,nantab
5,Mantap
5,baik
5,ok
5,Sukses
5,ok
5,Good
5,bagus
5,jos
5,puas
5,bagus
5,mantap
5,bagus
5,baik
5,bagus
5,makasih
5,memuaskan
5,Mantap
5,good
5,mantap
5,bagus
5,bgus
5,Bermanfaat
5,mantap
5,Oke
5,mantap
5,mksih
5,mantap
5,ok
5,good
5,okk
5,mantap
5,Mantap
5,top
5,Baik
5,Mantap
5,Done
5,mantap
5,ok
5,ok
5,bagus
5,Mantap
5,mantap
5,mantap
5,Sangat baik
5,Aplikasi bagus
5,bagus bangettt
5,Ok good
5,makasiii bangeeet
5,sangat bahagia
5,sangat bagus
5,sangat baik
5,sangat baik
5,sangat mbantu
5,Sangat membantu
5,Ok good
5,sangat bagus
5,sangat bagus
5,ok bangat
5,Info update
5,Mudik gratis
5,Tepat waktu
5,ğŸ˜
5,ğŸ‘
5,ğŸ‘ğŸ‘ğŸ‘ğŸ‘ğŸ‘
5,â™¥ï¸
5,ok
5,mantab
5,mantap
5,Sippp
5,Ok
5,oke
5,oke
5,mantap
5,bismillah
5,"Bagus,"
5,oke gas oke gas
5,TOP BGT
5,Top pokoknya
5,Yo bisa
5,Bagus ...
5,ğŸ‘ğŸ‘
5,Mantap
5,OKE
5,Mantap
5,Tracking Bus paling Akurat âœ¨ğŸ‘Œ
5,Sangat akurat untuk live track.
5,Mantab Paman
5,mantab paman
5,Mantap.. trimakasih
5,mantapp
5,oke
5,jos
5,excelent
5,bagus
5,bagus
5,mantapğŸ‘
5,aplikasi top
5,makasih
5,Amtap
5,Bagus
5,mantab
5,ok
5,bagus
5,mantap
5,mantap ğŸ‘
5,good job
5,ok banget
5,sangat baik
5,bagus banget
5,TERIMA KASIH
5,sangat baik
5,good
5,baik
5,Mantap
5,Mantap
5,Mantap BETUL
5,Mantap
5,ok
5,useful
5,jos
5,HTTP Failed. please try again. Gagal maning gagal maning si kepriwe kie kang. Inyong arep daftar.
5,"Terimakasih, Alhamdulillah ğŸ™ğŸ¿"
5,Fast respon . Mantav
5,"terimakasih mitradarat, the best"
5,Terima kasih.
5,Ok
5,mantap
5,mantap
5,bagus
5,Semogd
5,Ok
5,Bagus
5,mantap
5,jossss
5,Ok
5,Ok
5,Simpel
5,good
5,mantap
5,Mantab
5,Good
5,Terimakasih
5,Mantaaap
5,Good
5,Good
5,bagus
5,pelayananbagus
5,Mantullll
5,Mantap
5,bagus
5,Mantap
5,bagus
5,oke
5,Good
5,bagus
5,Mantap
5,Terimakasih
5,bagus
5,bagus
5,Mantap
5,good
5,Bagus
5,Mantaff
5,Mantaf
5,Good
5,Bagus
5,mantap
5,Ok
5,ok
5,baik
5,Oke
5,Baguss
5,ok
5,Mantap
5,ok
5,Mantap
5,good
5,Bagus
5,Baik
5,Good
5,Mantululll
5,Ok
5,Oke
5,Mantap
5,Terimakasih
5,Mantab
5,mantab
5,mantap
5,cool
5,Bagus
5,Mantap
5,Goog
5,Keren
5,Matap
5,Mantaps
5,Mantab
5,terimakasih
5,Ok
5,Josss
5,bagus
5,Bagus
5,Membantu
5,bagus
5,ok
5,lanjutkan
5,Mantap
5,Bagus
5,Cakep
5,bagus
5,bagus
5,Puas
